first,last
Isabelle,Sagrera
Stormy,Mulkin
Teri,Chrusciel
Joselyn,Straws
Gina,Irizarri
Cuc,Ledyard
Ian,Fogerson
Josef,Barnell
Ena,Buttry
Benjamin,Carpente
Alaine,Cornes
Yoshie,Dallas
Dale,Litty
Bernetta,Barbour
Graig,Vollbrecht
Diane,Macallister
Missy,Hagley
Roselle,Wakin
Kandace,Thadison
Laraine,Andrzejczyk
Harriet,Osterberger
Rocco,Horak
Jarrett,Borchelt
Kurt,Everline
Claud,Mcnairy
Rico,Macinnis
Madalyn,Kaboos
Terese,Fallone
Jamal,Sikorra
Ashleigh,Gellatly
Flora,Sprang
Salvador,Viens
Lucila,Calvan
Omega,Narkier
Roberto,Lingenfelter
Danyell,Gamon
Kathrin,Steenland
Vella,Arviso
Sandi,Gindi
Jerri,Magouliotis
Isabelle,Osterberger
Stormy,Horak
Teri,Borchelt
Joselyn,Everline
Gina,Mcnairy
Cuc,Macinnis
Ian,Kaboos
Josef,Fallone
Ena,Sikorra
Benjamin,Gellatly
Alaine,Sprang
Yoshie,Viens
Dale,Calvan
Bernetta,Narkier
Graig,Lingenfelter
Diane,Gamon
Missy,Steenland
Roselle,Arviso
Kandace,Gindi
Laraine,Magouliotis
Harriet,Sagrera
Rocco,Mulkin
Jarrett,Chrusciel
Kurt,Straws
Claud,Irizarri
Rico,Ledyard
Madalyn,Fogerson
Terese,Barnell
Jamal,Buttry
Ashleigh,Carpente
Flora,Cornes
Salvador,Dallas
Lucila,Litty
Omega,Barbour
Roberto,Vollbrecht
Danyell,Macallister
Kathrin,Hagley
Vella,Wakin
Sandi,Thadison
Jerri,Andrzejczyk
